,X,Y
0,2.0210009653629135,0.4901792432203963
1,1.6782009043629291,-0.20198687240178098
2,-0.282244844890723,0.8587848357466576
3,-0.02143996091325373,0.17628146220541277
4,0.5048420190147149,-0.3910431006352248
5,1.969538948799328,0.3600552146876763
6,0.9565958832518067,0.25366490113903295
7,0.09487879515466206,0.9833784701182551
8,-0.44166030405992135,0.8720342759400876
9,0.707516380362625,-0.5126737007503034
10,-1.0522497090889844,0.04748076506081993
11,0.07344505290151869,0.18232955977576687
12,1.3205944413845743,-0.5090625858811405
13,0.08292556468616961,0.9165867191803834
14,0.10374309061562101,0.010695759173495415
15,0.894167579312663,0.3410123348370989
16,1.8176076414757452,0.0006806790152018363
17,0.47521898815994734,0.8195412004725613
18,1.0278412998593474,0.159873179100032
19,0.8242088764240849,0.48051590998636434
20,0.9008049118604005,0.2446853167570723
21,-0.9701025968275069,0.13421390314959583
22,-0.4561626521399609,0.8435924434143528
23,-0.3711087944486362,0.9387063670985019
24,1.741273505335562,-0.1904010763928748
25,1.334029566963071,-0.42155615982819655
26,1.0314625089797547,0.22189284569295906
27,0.8697902048504549,0.6229989531354146
28,1.0557836870109913,-0.4548600878654142
29,0.9462760725707381,0.043334739437469474
30,1.5227660883753655,-0.38396181132246804
31,0.7967184948122008,-0.42152371194004956
32,0.17683409115546805,-0.16157378093087826
33,1.2608688590414485,-0.5394236925016638
34,-0.8198067385586256,0.5393983544073506
35,0.8910352954150458,-0.5077789251130083
36,1.9300841924587095,0.2778569118433011
37,-0.6741088790168711,0.7196296423652244
38,1.8636539964620595,0.06246817653026541
39,-0.09480602552850369,0.9864235444624615
40,0.14996566780749354,1.0599500502904924
41,1.9444683534032376,0.5160368907544595
42,0.3503792547925052,-0.22818795201392403
43,0.7191533222018384,-0.36731276585207956
44,-0.12194071820494401,1.0942546189328501
45,1.2932162148482909,-0.423305279778312
46,1.4979165833334598,-0.4617776767537343
47,0.5888637073019797,0.7712263942558237
48,-0.4136800380457925,0.9090829959850681
49,0.19569378536173132,-0.09973222144646986
50,-0.4215228603051641,0.8306375045227551
51,-0.32539386266841597,0.9807184099682887
52,-0.11978938260991823,0.9329178395060224
53,-0.9025799612169444,0.37008185321588044
54,1.6114440629280422,-0.23504401288739954
55,0.1934989414470153,-0.03750994165596142
56,-0.09597439621237494,1.0108130284829822
57,-0.150082156659563,0.994144143293946
58,2.078858213163788,0.43001160881600725
59,-0.4260317772321482,0.8809052872276418
60,0.11862020659305941,0.12870949863276543
61,0.4913216956095623,-0.22524271819903513
62,0.6349127670311553,0.8250748042915476
63,0.3797523616053441,0.9228192988682589
64,-0.8464498972043328,0.5121916270813152
65,0.27624278573092603,0.9452847674473583
66,-0.1585732273363279,1.0272507502126151
67,0.09123222085650008,0.35486896312425287
68,-0.018585488699681456,0.9512569190499673
69,0.036100432256319204,0.06604438846584623
70,0.9547267484211625,-0.5560802156289811
71,-0.3409993588537657,1.0154557166551585
72,0.9745697137019896,-0.4161021634477197
73,-0.011450555067929167,1.0283210422231186
74,1.8634011629907545,0.0980778027261889
75,-0.9695639428070439,0.540255831440158
76,-0.7303627422479482,0.58361771017296
77,1.299204551365618,-0.45357909983709266
78,0.1737564491879181,-0.10042011733217766
79,0.4325185279837089,-0.42715108161767634
80,-0.03531471208343689,0.9933351372035809
81,-1.0019753073634265,0.321024863976314
82,-0.7406563624332014,0.6859621668947691
83,1.9091975005830755,0.37992636781281897
84,1.777582560131589,-0.020409475503781454
85,0.6554629063381224,-0.43534501357137056
86,0.14787255585248982,1.04097360221732
87,0.02530067367691795,0.4595334310766425
88,-1.0437452806808944,0.01231048790134183
89,1.7793210763849112,-0.24450852829835446
90,-1.0431805224198913,0.32660026511828877
91,-0.9979043667920079,0.0420380999148884
92,1.8920658004320776,0.07209667741361575
93,-0.21559577840869956,0.9872597924660802
94,0.3664772921818697,-0.3057997416792124
95,-1.041246915437495,0.12886538037294037
96,0.12484758883452593,0.022081293190963608
97,0.8401941397605004,0.5846620173648824
98,-0.5996063378227201,0.7631895274939459
99,0.3880787816936334,-0.29000130578860756
100,1.2780233910021137,-0.4731258865520055
101,1.6398210048627726,-0.24916189851721093
102,0.7935744015704084,0.4022141132903427
103,1.883348299698694,-0.09695274676778631
104,-0.4634340518797918,0.9692533135577768
105,0.31833622256734784,-0.16590583545063237
106,0.5291399691118016,-0.419901307735648
107,1.2755092625606657,-0.3975634608268204
108,1.9149858261251587,0.24413468772164487
109,0.21942983253466927,1.0501035561183594
110,0.8187440821209713,0.600298339990785
111,0.12441834331961991,-0.016657210192049052
112,-0.9926662314859431,0.24064006562106435
113,0.007705072946628332,0.3789257896536319
114,0.026350454033126795,0.9714258071340448
115,-0.7932957987482254,0.6545699386471879
116,0.06379536123745258,0.24755759247375966
117,-0.7545628674522594,0.6721998723526371
118,-0.9771221266927134,0.027070564538453655
119,0.08591108414013192,0.45574555288864055
120,1.2578551909382387,-0.5536507841879015
121,1.7276810590006566,-0.13771755002156394
122,0.6972329385912589,0.6907625803793093
123,1.893240479298679,0.20990859369497736
124,1.0569826797419317,0.3394178903297231
125,1.5910985215557119,-0.3376853365821783
126,-0.5845575312073369,0.7865392683200778
127,-0.2349084576930124,0.9604507167425538
128,1.9403572178250204,0.05570081768460222
129,0.23744547281866757,-0.10995705264910391
130,-1.0337517290712714,0.06121462420266241
131,0.4012065860243583,-0.23351410685262666
132,0.15382566775380768,-0.03902839367900253
133,0.8119800181298985,-0.4556700086283687
134,0.997912758789761,-0.5171422078452255
135,0.22623434019420297,-0.24208839382346706
136,-0.3731238969776765,0.8931594414835707
137,0.9825733893946853,-0.030418489835408652
138,0.03830495418221247,0.30753637320682475
139,1.766020556509534,-0.20598015944815973
140,0.8068894620996055,0.5641260786018808
141,0.1533614919567622,-0.18889864971703707
142,-0.04510088242429336,0.3289925146465423
143,0.0013991127228662262,0.9286751825926313
144,-0.2435952499665638,0.9244077412386644
145,-0.8991045345217487,0.4955343226782418
146,-0.7751599992721263,0.7591274560325805
147,-0.7958034060639925,0.5560952409230506
148,0.934859520269861,0.3215400723068087
149,0.9911522662730238,0.31052935967058
150,-0.07259970600005375,1.0002459382664877
151,1.0462870086497424,0.25651558275065367
152,-0.7518158634716104,0.5404002674676909
153,1.130099508589399,-0.4762443821091438
154,1.9701846561675835,0.2851386684872061
155,1.9166690743605155,0.4428544910760329
156,-0.9780452888137672,0.3072540216516296
157,-0.6568873679573646,0.7703687617764865
158,1.6625318174827743,-0.2934024561522815
159,-1.0098109425131714,0.06787706131524233
160,0.21761688294472942,0.02923433153731083
161,1.9306547716159785,0.3776718178602207
162,0.5999368578626169,-0.40543744355515116
163,1.6756897517178513,-0.2296820802211673
164,1.833287158406236,0.17813354858493446
165,-0.675293513534954,0.6883886687097074
166,-0.45598997076496445,0.8410116719469523
167,2.0043863496440006,0.19327529271934968
168,-0.6505232126462511,0.7716505044776649
169,-0.9313063845417514,0.5268836661723153
170,1.9974549116940499,0.14343239719922876
171,1.241722454300188,-0.5289815134012265
172,0.6505854697603943,0.8434702849696063
173,1.4047202238086414,-0.40150328415128983
174,-0.990226540594487,0.09023405170495599
175,0.9670628228504018,-0.5391193925865265
176,-0.04890045264905909,0.9402975469400718
177,0.40269354079214087,-0.22817257053818255
178,1.7076115211433815,-0.17998726300947754
179,0.5912823526545485,0.7550656453942675
180,1.1458837158587047,-0.5418218265520394
181,1.9679495419266837,0.5633020606466452
182,-0.9583222536754936,0.1496207565792571
183,-0.3750875712375661,0.9062339520663848
184,2.009965599531816,0.38945501454519144
185,1.8700938562693679,0.029417775351911944
186,0.8023965211863049,-0.4879025449467301
187,-0.9873432329095773,0.3065225235769241
188,1.1453250735071572,-0.5715108996909884
189,0.3002940858745914,0.9065079876839912
190,1.5513852086783262,-0.3099741180448926
191,1.5042663110089343,-0.3345334527033652
192,-0.8438590546603816,0.42266740068583813
193,0.9521107048463631,0.07993109464308035
194,1.1485056492820023,-0.47164386462398616
195,0.5478914298419924,-0.3717571400324331
196,0.8549457623654391,-0.4444023492928052
197,0.2743096783750456,0.9170374532726596
198,0.48129376534680257,-0.2911844208483453
199,0.626517342256751,0.9000421299226518
200,0.5914278137735418,-0.4039991597473381
201,0.05203305750807555,0.45959431028832665
202,-0.44191831675740395,0.7856096561835463
203,1.9176955385693704,0.4192566085363806
204,1.5088165766781025,-0.43147172324377225
205,0.30473992332114463,-0.12491223081159786
206,1.3764907432138385,-0.4231943333826896
207,0.014036851053047451,0.3868506734865248
208,0.007441652868919321,0.41895263223014556
209,1.9318813785622837,0.13532998119747294
210,0.7592158541009054,0.652473662053179
211,0.22008270468280083,-0.23048879456841304
212,0.9382720779979239,0.20951576743912834
213,1.834793461447599,-0.04041254654149891
214,1.7881922714757066,-0.12973942743932193
215,1.8978466752271355,0.4951868835741993
216,0.5136291013041017,0.9480862515706283
217,0.6257856795507291,0.9049377763838148
218,0.9388761537197987,0.1946240632925117
219,0.10035447239771178,-0.04742213043654433
220,1.3568149682773039,-0.4402827926972396
221,0.11805326909376207,-0.001990441783556861
222,1.9591044679796672,0.2620539898241603
223,-0.10369306836665995,1.0065795828577706
224,-0.8235770753399388,0.5821983671455959
225,-0.3167580898367401,0.9058719747355055
226,0.1686914875689102,-0.09590382896572942
227,-0.028115289224769476,0.333954628091424
228,0.9407931165288156,0.13141997517773343
229,-0.8033280571557233,0.3475888769815644
230,-0.02172075979707222,0.29479242696745117
231,-0.33526005854585383,0.9183992985069414
232,0.22906785463680346,-0.18583155765251871
233,1.2027451541500207,-0.5235754141707433
234,0.8064000017576614,0.34693929372612065
235,0.8194962686392878,0.4052333236212297
236,0.5965301027136782,-0.3676671171706619
237,0.3874567403224384,0.8834649275346572
238,0.9611647264749448,-0.4597697905252215
239,0.33428341416380325,0.9118290911191316
240,0.09133842326828641,0.3347815778324105
241,-0.9924546219490251,0.065596310844733
242,0.3537825955779588,1.047730042763647
243,-0.7046734606279937,0.715047240813471
244,2.0214828230131694,0.4193275182585901
245,-0.9607600892790991,0.3019669901316786
246,-0.7304680542800102,0.8089001885939439
247,0.9851819756830562,0.031100839808350666
248,-0.8981086288882731,0.08592232382413995
249,0.583131636738738,-0.4246882586246377
250,0.031447143855893214,0.967103037937179
251,0.4273399995232886,-0.3645064173233299
252,0.8677855521477784,0.4315800484505887
253,2.0216593302865933,0.31211248711388523
254,0.8199599019144793,0.4556339691527506
255,1.2558746749338972,-0.6052252945694062
256,0.43406945378131345,-0.23073685709313457
257,-0.907571709161839,0.2433723824848259
258,1.94738957074014,-0.059692970494444636
259,1.059458745738302,0.22493095475487432
260,1.9911980094114394,0.16375201721293017
261,0.8647153317374041,-0.4639198581794113
262,-0.8916278090587557,0.41878018324514193
263,0.7185821026291555,0.7969913766852555
264,1.4875713452474457,-0.4183014813836613
265,0.22901238767602589,-0.07911407886861446
266,1.0140592978223815,-0.5015880686966548
267,-1.0740431964408104,0.08438678553485279
268,-0.6574173747755632,0.9493316715202654
269,-0.8468936318852754,0.5921453368525392
270,0.8599860856920716,-0.4454447081593124
271,0.02750254801758164,0.15064462031444303
272,0.9208666313916873,0.3533357213330115
273,0.5367882132206417,0.8897643136047357
274,1.0592365324598154,-0.44148996493339215
275,1.642919042031234,-0.332419250720658
276,1.6340167678847248,-0.33225386170783705
277,-0.04690907182104283,0.3504997734031048
278,-0.9920444455033041,0.3294738696159207
279,0.41504169826290266,0.8380223804761893
280,1.9716721274149847,0.31004711054852746
281,-0.5118592689288479,0.9463769613949035
282,-0.593469922157065,0.7825057407929146
283,1.5690432975393145,-0.2681140485632242
284,1.1776106860801743,-0.43477062489491214
285,0.9668656493695038,0.2762637265729375
286,1.6463257850203667,-0.2975373431485155
287,1.6691811788824922,-0.2479705536070582
288,0.5459217841781366,0.8633683481376506
289,0.1377860300703946,1.0435361644089738
290,0.3340253685720975,-0.32690438526904914
291,0.16960863130860282,0.9711531671600563
292,0.9617634600652701,-0.4909900207554489
293,2.0763524636621837,0.3308881082858442
294,0.6811783103117616,-0.45676867153266343
295,0.45947457268999986,0.869157391875432
296,1.9760153152088253,0.4795738576827341
297,1.9508207585471582,0.3742606621207307
298,-1.0324051101036826,0.09971579880720255
299,1.0100029477845398,0.066605785647333
300,0.8239604864178401,0.6536539463703116
301,0.8294707708564948,0.48158646033527797
302,-1.0493618630025312,0.13972897249193325
303,-0.8134458064282702,0.5665226655326304
304,-0.9274405687658202,0.3879275995352897
305,-0.11930062131487718,0.994459633274735
306,1.4856187217312464,-0.450518047338831
307,1.8374883968034152,-0.1797864175053605
308,-0.43141490774555147,0.9234951806638367
309,1.363156334128732,-0.313102471399365
310,1.921041002403421,0.13585928079840445
311,1.8520185390892356,0.11975281224308891
312,-0.011739564807609501,0.35444597583054904
313,0.9414601596297466,0.19096835101342846
314,1.8088350025992868,-0.11838295337313381
315,-0.7351951116012777,0.7477176810067503
316,-0.8732173933649242,0.4974124563917774
317,-0.1629197158478592,0.9911777689576687
318,0.8797180532187475,0.3442235598790331
319,1.000215012938598,0.3413558006466675
320,0.42958204540970935,0.8582511970500745
321,-0.017167321183657807,0.43214230581416024
322,1.9415619950363674,0.11331562485187847
323,0.7053776876399531,0.6579608613396625
324,-0.26071084710615816,0.9843319496426477
325,0.9212843367473799,0.49247737548032666
326,0.9337804758958361,0.3550666810979257
327,-0.002407391888081887,0.5180808330828215
328,-0.08102843631567336,0.921378538695715
329,1.291320774334458,-0.37814796108586546
330,1.650014387770342,-0.30349300927432843
331,1.068579142265727,-0.5034628273092657
332,0.9305671407957092,0.36539379711241116
333,1.3227310594420714,-0.4967130679012072
334,0.9946226794448709,0.29970567039172447
335,-1.0093032525198162,0.3502699861207472
336,0.6634372880980273,0.7209421651161989
337,0.3884846239925358,-0.37217799035536475
338,-0.8639905358319689,0.5366387167703761
339,0.8810145391701117,-0.5980198660743328
340,1.86622131896002,0.1781328675811898
341,-0.9847027063372985,0.1538107849953274
342,0.7405294320363242,0.7505800359628868
343,0.9281538965816883,0.003769821010589286
344,0.5678062492878518,0.7492253515441438
345,-0.48403911613563266,0.8869548611825023
346,0.770049728088103,0.6855159550538857
347,0.8796278342614975,0.2383605262144868
348,0.12622372380894564,0.9653071459199316
349,0.07094289147214528,0.18467099296841646
350,0.14570666539547084,0.9566151905760473
351,0.13623436397453434,-0.0824886511219386
352,-0.5170185271236636,0.8029287585674968
353,1.9223788010613343,0.2063698878874669
354,1.5775929751410538,-0.325829286480444
355,1.264757970151369,-0.5311967348317997
356,-0.4602554749369856,0.9050943523055685
357,1.8940805385340795,-0.008215693769336896
358,1.3703185661354134,-0.4395079443076506
359,-0.5546502263677028,0.8498096925539275
360,-0.662830221026401,0.6976441938500599
361,0.9135598743977645,0.034160729902918324
362,0.3381432009697828,0.9580276366581909
363,-0.8032524022635564,0.6280675610960814
364,-0.5685095433552375,0.8854376799713127
365,0.3039665645378317,0.9877999157783249
366,1.9516188665868142,0.27731514650689865
367,-0.5195652196953623,0.7386202913360921
368,-0.38377707469357514,0.8952844906887775
369,-0.06822667496590498,1.0495082630561352
370,1.890204278987555,-0.01246338093367675
371,0.43068586130512654,0.8725088322525727
372,0.38090706026470555,0.9478139778253077
373,1.9455123292539518,0.1509138252678571
374,0.6822775419178198,0.7403573062952268
375,-0.25789997605129755,0.9849309410532318
376,0.8868515521203071,-0.5066331646227601
377,0.5517190754102933,-0.39986491263127144
378,-0.425655807278392,0.9348717495847916
379,0.9113196256127217,0.4840404803813357
380,0.007022682090968184,0.3223429423961779
381,-0.5393616877618174,0.8805964147960775
382,0.34430257081505045,0.9546344757155367
383,1.7259367032465398,-0.2272640061769442
384,0.17611847291225818,0.18963711241416611
385,1.8335969388421451,0.0003069430442579745
386,0.08604331946738877,-0.11989937654852298
387,-0.9300491700883222,0.24328594248647395
388,1.0856387466371205,0.09538850987862002
389,0.850197721677307,-0.5244655492340479
390,0.8679501271972544,-0.5124596860253351
391,-0.029166885417132804,0.9825535570063179
392,0.04025739476115026,0.9500939203295421
393,0.025720942620794413,0.08374545507447224
394,1.063161085670096,0.23893954273303206
395,0.8883240737240446,0.5031286005969451
396,0.5690180548881153,0.8337696793147777
397,-0.5280587094090028,0.9119330568261935
398,1.4440002973950188,-0.2707093621213965
399,-0.9985667474634976,0.10890679745873463
400,0.529752148435739,-0.31942772658618757
401,0.6930679214807379,0.6959586865097143
402,0.48473702508329974,-0.41137324381298723
403,-0.6988916765431941,0.6889444770129427
404,0.2912721231439773,-0.20372862891509816
405,0.18499275996519096,-0.16173290929458234
406,0.7395545245620312,0.5213318682164657
407,-1.0432697312851085,0.26313684035188306
408,0.395412454088528,-0.31587608015627405
409,1.3850430957078168,-0.3830239860959478
410,1.6182086911898748,-0.2815974387751675
411,-0.7286794391465091,0.5944122505970807
412,0.1285710210517726,0.0004020653337802535
413,1.891693079255597,0.4968319657278773
414,-0.7469279238386282,0.5827296290654547
415,0.22493905548691442,0.8589172287931577
416,0.5676237681539498,0.8610249216861724
417,0.391354749406896,0.8673676962785765
418,0.10141750150363342,0.9320122221441048
419,0.41996097686269385,0.8686229755955442
420,0.6386369834473137,-0.359677169406079
421,1.409845494012227,-0.4824288259940957
422,-0.6089050197109396,0.7749815110803084
423,0.8749497432052261,-0.5918985097273066
424,-1.0649297344387223,0.33335781953693794
425,0.41192160127986216,-0.2459277739198883
426,1.4739156774543474,-0.33877942181314424
427,0.5817903810120896,0.901427984319723
428,-0.9650759039833272,0.13448373466999503
429,0.20810684181334732,-0.07551120331941354
430,2.011089543391955,0.4422745807472686
431,0.741939267006644,0.6405000887983948
432,1.0262956765276638,0.36042205314561776
433,1.9125831892188203,-0.020504766191233287
434,0.1053648471598464,0.5193582963897472
435,0.09104905159576698,1.0095653590995135
436,-0.004564263497207191,0.9630225837071613
437,0.48666449823566604,0.8149600256629125
438,1.308781839857065,-0.4377869996606012
439,0.22074546405893972,-0.20438760549767399
440,0.5547414817894366,-0.44164808814233103
441,0.42490498570737184,0.9566421500672664
442,1.9808949094882786,0.17911784995127358
443,-0.862819955150676,0.5459549218347297
444,0.7833660041237873,0.5977861849605366
445,0.8406083008099351,-0.5746437896570952
446,0.6882766629092119,-0.4273901728071866
447,0.10994136413500752,0.9390397255437178
448,-0.38410664400938044,0.8756299170341806
449,0.3250102628885485,-0.25696160742855517
450,0.69330874378676,-0.4385317360150697
451,1.7367412701783282,-0.18914706723599706
452,-1.0304509958931207,0.11964175103741265
453,1.8780575129095867,0.09501188725825442
454,0.18662201155510122,0.9325538291818213
455,-0.8015906762262761,0.6447379144352237
456,1.8203991610454135,-0.03221797148654826
457,-0.9116509140447281,0.36228403352597605
458,-0.3332017541767187,0.9818013148497631
459,1.1702938553411544,-0.48526252523782704
460,1.7958273678666645,-0.16138616011075094
461,0.9539656105441326,0.0019081547630261236
462,-0.9221570086543945,-0.04407398315439786
463,0.05108868542710866,1.0256204715683142
464,1.8322695231364154,-0.04329839924627242
465,0.994807425565918,0.01707454863846504
466,0.20901599147795172,-0.16826224531487913
467,-0.012892665888120977,0.2768566228911041
468,-0.8029695867265797,0.5376705196264949
469,0.8563767830034862,-0.45604028387763096
470,1.6689335968245125,-0.25248664517377767
471,0.5874132054069969,-0.4797868952226325
472,0.7415474266978316,0.5722158126812543
473,-0.33635828283758046,0.9077135601436744
474,0.017973459743838863,0.24638561117788516
475,0.9057756231814228,-0.4563858428396895
476,0.25709441435941144,0.9682474590797825
477,-0.2887837337800036,0.9529526691738576
478,0.9229849684887551,0.2967832059490885
479,0.8817295717364777,0.5257113192221277
480,-0.6247848835391663,0.8668459384681222
481,0.3878055178957673,-0.1897130254656591
482,-0.8785062159027286,0.2677256394421531
483,1.0617904310523925,0.1913193515139903
484,-0.6930090201141562,0.6882415034963124
485,-0.027152794996505455,0.21242637935266517
486,-0.8811759165876335,0.2932761355848955
487,0.21138860508871918,1.019097924978734
488,0.8052857548728093,-0.4991590115988349
489,-0.016987123339879184,0.44479340277014734
490,0.1888142749810346,-0.08373297633326529
491,1.3476671295487754,-0.45755917175501193
492,2.0752418747918573,0.15736880905641729
493,0.5807912782590967,-0.4019743559803169
494,0.23013012929415724,0.9649093008452113
495,0.5128097516558954,-0.2471133309033276
496,0.2600562309385554,0.9665990835251178
497,-0.6687510946785071,0.8057023359541522
498,0.47224435639902895,-0.28129085877438
499,-0.6820472537832549,0.7335025637287796
500,0.34888227744364064,-0.18793122301723508
501,0.43342325850267643,0.9540999153886862
502,0.8594051566147174,-0.42257248677353354
503,-0.7992245681810752,0.5393773114976634
504,0.37971768534231365,0.9323919347212284
505,0.09285909408381726,0.21896706799204235
506,-0.7503183575246537,0.6990360563709259
507,0.03776479694183611,0.26994513378634477
508,0.46386061616728114,-0.3498375234242665
509,-0.9430410079638208,0.34795186689936364
510,0.5795722643890248,0.7875171432155399
511,0.09454248090704746,1.024309536410675
512,0.49026975658791977,0.8641368886462657
513,-0.9271216468274683,0.3966670847054014
514,0.14706031743940418,-0.0002823960224269534
515,1.9054881955603458,0.26538753695627576
516,1.2048469983189487,-0.5605950040915132
517,0.3021316053912785,-0.20305255986671153
518,0.8527641088790887,0.5330231435183136
519,1.2480027639576736,-0.5348334946018557
520,-1.0337002191404858,-0.013930414227530058
521,0.957155276024245,0.47930588550192693
522,0.932116532559039,0.48305643666862164
523,0.3148910835715063,-0.07876427377069628
524,0.9620990161092566,-0.12928721501828222
525,-0.7641634804488049,0.6866979971254684
526,-0.8397870010635515,0.1820247895562797
527,1.3357931404858803,-0.4118063605932967
528,0.041254683571328214,0.34876154493772055
529,0.7164506932532401,0.6553544692840271
530,0.6610806924055773,-0.4611397752040778
531,0.2872122680595378,-0.19330967063918802
532,0.2137741269285379,0.985724719899198
533,-0.49391559044180416,0.9019868264692599
534,0.8258779212339972,0.5972173471152279
535,0.6672626510847622,-0.4809132269985986
536,-0.9777878328325089,0.08285182539773694
537,0.1604517424171947,0.9475671678422276
538,0.7056855544552773,0.7198511751075252
539,0.012622583113570786,1.0056561131530524
540,1.9646977325338881,0.33729173866453943
541,1.7698302234416423,-0.13722588607711844
542,0.26814837031730404,-0.18675924759691112
543,1.3516209467324576,-0.43422886943899247
544,-0.6638244908952711,0.8022290104293703
545,1.4063002045718211,-0.5294150153722371
546,0.9633667671104267,0.18482237180321945
547,0.3858757099517446,-0.2274817528299171
548,-0.8021013237459158,0.5817966687900218
549,1.8057757782811923,-0.074872149622657
550,1.772058057360503,0.01112436081188883
551,1.0231959820906364,-0.05565338137423304
552,0.6737665749100751,0.8034938315479327
553,-0.6029728205465907,0.8126471283944254
554,1.7170486452461948,-0.19181372918693682
555,1.0270733068691125,-0.43965570806278664
556,1.5012337805198,-0.27351255484549925
557,0.018999964262733038,0.11208458386437821
558,1.849628781577102,-0.1828484924257696
559,0.3154226816734856,1.0623118896235269
560,1.3636811066628742,-0.35965124126575887
561,-0.63477165968483,0.7973342207164
562,0.5485334199846453,-0.4186375473704176
563,-0.5467179540851691,0.8390635608334238
564,-0.8360911034305442,0.4761894457521441
565,1.5661451338796708,-0.35061291471839706
566,2.019941842867536,0.20373450649238517
567,-0.9626325744600043,0.29324520661435
568,0.9073985186925465,0.33253098116368296
569,1.0660779727938905,-0.48057872593104106
570,-0.6461955493771225,0.6692917999952483
571,0.056448107916991855,0.9152736982337686
572,0.8320424978304354,0.7041187840238449
573,0.2909471986869519,-0.3435600065518855
574,0.04294959162105499,0.29560263947169385
575,0.744802456253332,0.6689491526707824
576,-0.06540748677451215,0.932997419927108
577,0.8934286634562835,-0.47902097885353234
578,1.1555650463193818,-0.4809376612979896
579,0.7074719618679857,0.8324050278507559
580,1.0149402888856773,-0.006848620917851211
581,0.0058584361904307925,0.4334838776714947
582,1.507556755955667,-0.32420741327453867
583,1.0917479343753334,-0.46306248767766733
584,1.5080092551207103,-0.4216592354982821
585,-0.8799921874912421,0.46592178700529807
586,0.6415858435864417,-0.4530825760050485
587,-0.6143987321765834,0.7852575546314212
588,0.5638143665643408,0.8943184418452554
589,0.06092145666219846,0.14241807755564817
590,0.0906275758996962,0.21899943260526403
591,-0.5255537472985798,0.7752321071114274
592,1.8345968570482918,-0.13982839086640222
593,2.020846116073536,0.5613646820922288
594,1.5368393726441685,-0.36187084678102815
595,0.9938655235393049,0.44908948421507155
596,-0.7821687092125242,0.5835529958889665
597,0.08452707551581401,-0.010890871377055633
598,-0.8991796325569646,0.08090631811711099
599,-1.0342292501364652,0.22920972273325604
600,0.45876436276581367,-0.3079282751356909
601,0.4944979592506161,-0.38802466625472787
602,0.020966239328752058,0.38838417471361675
603,1.7047260926973717,-0.16918492720164402
604,0.4409410305607689,-0.2944652825477306
605,1.8836861757551597,0.03077359598180452
606,-0.36582392671515396,0.9322523101882176
607,0.5593506868692562,-0.3944328775305768
608,0.46434451096561374,-0.3042275746887154
609,0.11524541037238728,0.12244731606258417
610,0.4250124975766412,0.7517588431858916
611,-0.46555987174390934,0.8846298145393866
612,0.8962720893133904,0.2489300356416578
613,1.4900603593637574,-0.31130384267693983
614,1.9485445409143525,0.11839256525415176
615,-0.9701331800105552,0.05919958646214686
616,1.2185325488891956,-0.4800251231006953
617,-0.9304152915652563,0.30452068357337186
618,0.6761683560694968,-0.4267657464915906
619,-0.9313658163081764,0.47005229286921324
620,0.11069981830980113,0.1588209877065635
621,0.7215665962484064,-0.4190361369898058
622,1.8090062717647237,-0.16760177343285157
623,0.21757436607788783,0.9881417886376109
624,0.5464397017425832,-0.3106478344259956
625,0.093039629933187,-0.044008712043345916
626,-0.18408806707835026,1.0111613802283186
627,-0.6234033116635892,0.730095173702316
628,0.6154596955568166,-0.3973169896684149
629,0.9419174615534481,0.0705794607130211
630,1.9594077834672567,0.4126984658011191
631,-1.039414937729693,0.2041328556997391
632,1.111233063005604,-0.5142663166423632
633,0.6301992681369245,-0.4513252747773252
634,1.7670622721247313,-0.23720034453216987
635,-0.04805998455405902,0.40732406996838655
636,0.13227256421229042,0.07772106167667245
637,1.2185571566741091,-0.411402195601001
638,1.7802230201286025,-0.1409671571935091
639,0.027654520877947005,0.2901308620386939
640,1.8282969906329278,-0.11813096184669755
641,-0.19673813004772417,0.984411471126875
642,-0.17217419264914352,0.9940256011488915
643,-0.9024617245649,0.048889762885675564
644,-0.9017725677777647,0.43887181714025714
645,-0.12217126164483517,1.0197753404858008
646,0.7276942524985275,0.5931451956937894
647,0.14843221167151904,-0.06469250571278588
648,2.0178548441167106,0.354135353266935
649,0.9478581176082003,0.021173316191638612
650,0.4485965867133167,-0.3098418216460935
651,-0.971616553492878,0.3406772164118457
652,0.09418046874771116,-0.024800039661699358
653,2.036362664199214,0.2784458346668977
654,0.5505546733902194,0.929094994068265
655,2.0709859225136404,0.3483435982135665
656,1.9440164235450155,0.3485482636290864
657,0.8220894317013409,-0.43820167049589476
658,0.9749030093532144,-0.48187280328981175
659,0.3208728115932984,0.9964276506183585
660,0.3852333844264716,0.9274336716044924
661,0.2985314831913965,-0.14084147075911763
662,0.007272575280768124,0.2748936320159638
663,1.723991600274529,-0.2586913564998267
664,0.5134083692277411,0.8073462745282353
665,0.8113518113519694,0.5510221109396862
666,1.003235036776178,0.1489576646832085
667,0.042377006234048414,0.08906862087199269
668,1.8929128839051341,-0.04727689777813453
669,0.8411894408072718,-0.3611321598652208
670,-0.0011761105038867598,0.22864633899171966
671,-0.41780451656090883,0.8485788908974616
672,-1.0540331182598157,0.13782204629448677
673,-0.9850718379118506,-0.0035443392524199015
674,2.03399246669752,0.2905185309595338
675,-0.8316604908709887,0.5636508048169614
676,1.009490188425943,-0.5010572029165263
677,0.8076061805046041,0.5193512949281573
678,-0.9707563286838391,0.3993184318358431
679,0.7907463092147715,0.5296515718142588
680,1.5874170109623176,-0.3152980649770397
681,1.8562810462871597,-0.017940527749156873
682,0.4643647992969607,-0.3382144385680618
683,-0.7966896938517498,0.4987545232081077
684,0.4635656215330324,-0.4414356006214818
685,2.0174080484591816,0.39986955077856745
686,1.0955368900553206,-0.5325175832545148
687,0.9003724643754663,-0.48694437365797966
688,1.865523296463153,-0.04722776945634018
689,1.3878493455989032,-0.4123627298169066
690,-0.4140646054948552,0.8871989251730166
691,0.06913021877753031,0.17771269333451176
692,-0.6858420347059188,0.8488722539773366
693,0.9377741134969669,0.4941942570194322
694,-0.021276923520591774,0.4327631886119126
695,0.031080628137433064,0.4848796163213272
696,-0.6224798895994224,0.8579052109730343
697,0.1767150460746631,0.937434523707736
698,1.922690633215053,0.03930611794077837
699,0.562095841350754,0.7738544739021062
700,-0.21629764243950325,0.9262061221980753
701,0.9335758843500643,0.3068641153382212
702,0.760542959923965,0.604478269774629
703,0.0047984372431841985,0.42824926741260244
704,1.3638888824126203,-0.4924124732507869
705,2.0286783480414883,0.3309111317139714
706,0.4002179673824878,0.8853740964417268
707,0.40485019896123253,0.9278159799609397
708,-0.5921335566419865,0.849195363207306
709,-0.7687996032646788,0.6744363247428706
710,1.128810098221227,-0.565910244630586
711,1.775059259137122,-0.2413075893685159
712,1.6994163624716918,-0.090247096894636
713,1.193366558569035,-0.5208107560014241
714,0.3180674975783359,0.9329662264251791
715,0.6024731284155697,0.7680278293316293
716,-0.9095311941604856,0.34259485869819806
717,1.5376082010598444,-0.3917121099273351
718,-0.040574094636492204,0.910067771554366
719,1.6915531107408486,-0.21475113834263881
720,-0.26795369978013484,0.9002138204683656
721,1.9137323322958373,0.1609145840728443
722,1.9326412797572414,0.33661435071080315
723,0.053580529295874896,1.0794004694810582
724,0.350041932162398,-0.23539454878036342
725,1.07145084033629,0.2610100331967029
726,0.766989402748647,0.6733796711313929
727,0.9875715624475017,0.2280739350123608
728,-0.4912470609315289,0.9459782005002856
729,0.8838493074618883,0.2952151150943191
730,2.053696502688337,0.17398180216081502
731,0.2660250936978035,1.0061392229355106
732,-0.981570002949967,0.4948371432871001
733,0.9420615255018188,-0.5013688158906271
734,-0.7441001424606598,0.6229302540948235
735,0.871095711116415,-0.47480285564357444
736,-0.3271549011083488,1.0023024844408566
737,0.8945130252071528,0.4740022417046617
738,-0.8347738878240651,0.5545552572643644
739,0.0613901284899935,0.13404681650571296
740,0.15597045645882332,-0.02737592473032833
741,-0.028283841440667257,0.239824593000201
742,1.6105458806939397,-0.28689103901262664
743,1.4476681785499077,-0.46973359134926773
744,1.6307331304733603,-0.4220251679476923
745,0.469190653571357,-0.46074984607604264
746,0.1939160153635702,1.0509875282666816
747,0.07259598567267331,0.20139198683836304
748,1.4432624031935923,-0.40326500040911867
749,0.22405495444256943,-0.24937009661709453
750,0.5539173921363544,-0.33242320765366085
751,1.46433731298067,-0.41011996359778075
752,-0.9235281710163157,0.4344473742608582
753,0.6925452111829078,-0.4203636261080589
754,0.6765798962419345,0.7710996298895124
755,0.2787670424003467,0.993185987425561
756,0.30576034646937555,-0.16438857355978084
757,1.5367179824833788,-0.3801505291329971
758,1.4903935097838483,-0.37180489527118693
759,1.6600372753588994,-0.30057434973699626
760,0.9016420103840751,-0.4959857788976344
761,1.98151366264483,0.3390832268790715
762,0.7157236676550328,-0.4705044200965702
763,0.8510206057120407,-0.5058913663859457
764,1.9364434369368728,-0.0590655543737834
765,0.6881809375862994,-0.4426435213836294
766,0.09550923316752843,1.0084539444676008
767,1.027692796711075,0.39571455293351626
768,1.0812718143322777,0.18533676980884695
769,-0.7257149983355407,0.7084771464649129
770,0.16011182880993544,0.9866049274081271
771,0.9028831489666483,-0.5192337952753364
772,0.6899881945768597,0.7455110411280352
773,-0.5923896993725847,0.8601899322249672
774,0.6824955237385482,0.6330489852580256
775,0.4417015113501314,0.9421407200295399
776,0.20364237441830266,0.8956418215838096
777,-0.9885963341711179,0.26415446244594276
778,0.07795060168531291,0.13147201779284648
779,-0.12884786404130522,1.0241200285665015
780,1.9280505312730174,0.3289020789712114
781,0.15057504732318477,-0.03777510656312586
782,1.345134665923473,-0.44974167913998336
783,1.9896662473588504,0.07826261950128058
784,0.07113596374817212,0.444845369926988
785,-0.06830362717749672,0.8761222739247753
786,-1.0331489561352898,0.17360219284921377
787,-0.4347243189657482,0.8635406158359897
788,0.7111831239687857,0.7194865089653742
789,1.9387912662654148,0.5296443015400152
790,0.019265700864493203,0.45696302879647066
791,0.14440605860580696,0.9396499003295373
792,0.5622545235389789,-0.47391604689383277
793,0.1926984620401322,-0.02233488615018049
794,-0.999711897879276,0.3350822027295451
795,0.725337983113153,0.6379166528686867
796,-0.921728452148719,0.19423387799840403
797,1.1629127241793453,0.18702686536727672
798,0.830144276785272,0.6538174595842473
799,0.5459480147975564,0.7553585340946536
800,0.537724724544755,0.8353456260287615
801,-0.05285360325703675,0.35986456762303454
802,0.6555281291544428,-0.40666060580205476
803,0.2856535198301766,-0.23892753027581765
804,-0.9669950548728824,0.23958605587702653
805,0.18790158343990987,-0.1280529331630709
806,0.6587040678596756,0.7435798014193586
807,0.9652696148266703,-0.5341676246080773
808,-0.001789790552218326,1.0666664035584505
809,1.9987603502088935,0.2689451530745797
810,-0.43061647595534086,0.9459771455767896
811,1.78354814873726,-0.14669598424120892
812,-0.06572485889015696,1.0497742615324794
813,-0.921526221714195,0.2835435200587429
814,-0.9135980049246194,0.4949302706329769
815,0.25800942710637964,-0.1145532296885735
816,0.9730292561680156,0.09031306013687845
817,-0.5028559953729731,0.8955701117332131
818,-0.2646881091149757,0.8668226650740323
819,-0.08375020537685207,0.8612747258087705
820,0.14289263001421937,1.0427092753515912
821,0.8447970408890956,0.5469402337028374
822,-0.0337434530721192,0.47690103889106505
823,1.472947961943228,-0.3415925401899073
824,0.34375570164513264,-0.27419828631957616
825,-0.2606093482336074,1.0246733785063589
826,-0.19468256770090608,1.0776217742500145
827,0.172596824527223,-0.15939185846961954
828,1.9545891348623847,0.1270199529146006
829,-0.9535381404708854,0.34932657181790505
830,0.4166832289671479,0.9566851481089912
831,-0.6416665041484931,0.6689639002843364
832,1.6609756803900078,-0.18067693971842907
833,1.9879922509946795,0.4141050037421524
834,-0.1494916144353264,1.0073630177354067
835,1.2399824843744172,-0.4044729738398416
836,1.9343834909383828,0.12810749072134808
837,0.41431316621482067,0.9901570442207239
838,0.9832755369990303,0.17249103359602544
839,0.877075858631012,0.5428190279213876
840,-0.36364572078731655,1.0194933902166876
841,1.0992545183330371,-0.4878080066532953
842,1.0295867389056963,0.05396720599504691
843,0.9407946292169177,0.17358997027646125
844,0.9318797440603805,0.5350298902743319
845,1.1707727831208414,-0.4884815239306642
846,0.9959792979495034,0.2609141290725964
847,1.962115282783812,0.40600680776751663
848,0.8065042259656243,0.2772806312408056
849,1.0091051628557834,0.2556104749770229
850,1.2231334308674398,-0.49762739036648684
851,-0.9040869315189959,0.5816491287532268
852,0.017976349720791027,0.11972939672095974
853,0.1860372158456856,0.9915742734760649
854,0.6454633609808765,0.7483433041612724
855,0.9021358809861939,-0.543172687249214
856,0.17957395707033022,-0.09699283777764434
857,0.7381561447334611,0.6833881768533101
858,0.8330831625263694,-0.472424821957689
859,0.12138681849127345,-0.02521479384399014
860,0.845286033673752,0.5287489285887733
861,-0.7289115408889985,0.6551044807329547
862,0.718718509077067,0.6993291304384379
863,0.6560699990878758,-0.39038739420040625
864,1.02146793039189,0.19999238616205353
865,1.7026491034472973,-0.17591200994864364
866,0.05162723794567141,0.1991522852889988
867,-0.69303900218726,0.7738883284372577
868,-0.0036593008388116806,0.49972240916375443
869,-0.7752049673532754,0.7556276974489967
870,0.37751167865091084,0.8936584418277371
871,-0.6496283318987196,0.6568933806572212
872,0.09024866475033934,0.08255332582318066
873,0.19475532621506209,-0.1320827215459285
874,-0.7464117707203575,0.6008412328398703
875,1.5788115532613427,-0.29960622427596245
876,1.3633988944341495,-0.37644388990069694
877,-0.2871826633162608,0.9948412737590361
878,0.5831172519311478,-0.40566485758533977
879,-0.03467136037786457,1.1335007189550685
880,0.11741305321955353,-0.05865582005962493
881,0.31454901122737833,0.9685651965637762
882,0.8376214695767927,0.5815938812945237
883,1.939584407262778,0.1613504092732222
884,1.9297177117315836,0.16493063172774267
885,0.4967124349387796,0.816203661104335
886,0.12722990193298048,0.031181603529813112
887,-0.26586955961531394,1.0096033004338174
888,0.12549125847955103,0.19127897593986573
889,1.5973157457998526,-0.24383666062106474
890,-0.7488803785312795,0.661890638250027
891,0.828061377054942,-0.48569265719779425
892,1.358433453555305,-0.5334388129353296
893,0.1610752206221446,0.9668012637304001
894,0.5191923800834132,-0.37559004610000135
895,0.6219215196268829,0.7790763365741923
896,1.5854916808924884,-0.2060787228816534
897,0.40175426997440794,0.9627015973593283
898,1.633200580365609,-0.22160531192534863
899,0.6548284760752272,0.7514501347389885
900,1.9114747257911966,0.2457101900233581
901,0.9549134232050047,0.27611645459059553
902,1.180546657164299,-0.4736659607999601
903,-0.4374048365488606,0.9698172586038628
904,0.32946786653881854,0.8571039929982892
905,0.8821461332255972,0.48311926243655356
906,0.377919402097215,-0.3091995133206424
907,0.13883091059424185,-0.011102310500401405
908,0.3484551708979293,-0.14008280193412875
909,-0.8862348181852261,0.5168992222505773
910,1.8501405793277284,-0.14132403538080274
911,0.8227211274308567,0.4950786141595437
912,0.8473445377605188,0.6139337783995853
913,-0.955640288587243,0.44766948125167333
914,1.2662042650631018,-0.5083970203131261
915,0.7068925633455158,0.7527619487145835
916,1.6832195754752735,-0.17521682797143498
917,-0.20229422639307582,1.011536775773185
918,0.9902088942799327,0.3515533710926335
919,-0.49117325976442366,0.9185818978262712
920,-0.07955774821504685,0.9961115940418777
921,1.8117140550309663,-0.20272851405841866
922,1.9824463491711062,0.15221990805857477
923,-0.9038288028675834,0.26971432797343675
924,0.9898798912596318,0.285842482606099
925,0.2885191170291165,-0.09447569975361546
926,-0.796028922078827,0.6780360786452168
927,-0.4735147271783148,0.8482816085299174
928,-0.20264556946426424,0.966760674215003
929,1.0338133487289383,-0.5025511707307643
930,-1.0414671269143385,0.09038077941085672
931,-0.07971372084367695,0.15248715338997956
932,1.84077040204505,-0.04947356801594975
933,0.8620918865177583,0.4321059883551648
934,1.9004919887753269,0.15083317123117487
935,1.919035193878006,0.021774523222235137
936,0.7455415962830886,0.6287190342200077
937,1.4887954840821866,-0.4406033046024506
938,0.9493885146879728,0.1604450268651046
939,0.34822381016502774,0.9309893879222084
940,1.7386842176080006,-0.23020396907587246
941,-0.8690085692056128,0.20344579297490473
942,0.06989668712918345,0.43533363801479075
943,0.49535479550745465,-0.4791058099463197
944,0.5847733404300817,0.7637201871753417
945,0.0291098308978138,0.9868936003818405
946,0.8375767619568677,-0.43544020619516033
947,0.05121762178360499,0.1471058350994744
948,0.12520380117620095,0.23540697811932892
949,0.27955131438119596,-0.31834944899396744
950,0.6676077278786928,-0.4963828214236061
951,-0.1482117590257495,0.9652532944280086
952,-0.2639093871407676,0.9234546797456804
953,-0.8560857897168316,0.49280359168608767
954,1.8442263514626867,-0.014437551960618664
955,0.5919660118980772,0.685887569756067
956,0.42300978434238024,-0.3573793838364612
957,1.317400002099778,-0.460430541878427
958,2.0056659957121177,0.327177565210336
959,0.4250733842262885,0.846800244772762
960,0.8717445607913834,0.7047309087286334
961,1.6130016126954008,-0.3315140302208841
962,-0.9703469145126122,0.3637952816024858
963,-0.9015387912094297,0.45970786073806236
964,1.6447020643501478,-0.34463258141110475
965,0.7234698370621891,-0.4235894328062153
966,1.1356019953287042,-0.5126842497889305
967,0.6953053826992668,0.7158208269091321
968,1.8558829172410485,-0.0389870883520719
969,1.1384702096445145,-0.4978401358237624
970,0.9636628227729629,0.3408802527086581
971,1.5217865246184583,-0.4129083575695711
972,0.03652128697119741,0.2572360200293341
973,0.506546144551053,-0.2682652370063457
974,1.5091517609578307,-0.32318442920931384
975,1.949079486135075,0.3406625683669357
976,0.45772318892051256,0.8880566236616503
977,0.905883832911892,0.517686599871618
978,0.1698928656958221,0.22748211289404063
979,-1.0157179062056876,-0.02818818905732008
980,0.8034210253581126,-0.4553143210616993
981,-0.37681393279896414,0.9601470588126189
982,-0.7375381827917378,0.595316453208817
983,0.15950929486084842,-0.1488238642097346
984,-1.014829352125862,0.08444549770175232
985,0.8691352430451015,0.45255675731343814
986,0.19565691492490328,-0.0342964816928427
987,1.2844002902661202,-0.45268419257645076
988,0.9503642005889326,-0.45097543524429284
989,-0.15729592114668678,0.9161914085449189
990,0.8175629536406783,-0.5329596082799373
991,1.0295982339937821,0.014936301698316216
992,-0.6724516483109397,0.7793705873820979
993,0.7294917513444623,-0.5353626948778364
994,1.0051738015337308,-0.41597365658759555
995,1.5306381536687907,-0.2472426986753764
996,0.3334454933230055,0.9467337867113913
997,0.3251503928139348,-0.328385374030281
998,0.09757054144059028,0.11834740169658375
999,0.5708152425674102,-0.44534013688111673
